,Key,Value1,Value2
1536,isolation_source:soil,226.53490035578253,223.60677207227923
1239,cell_shape:rod,208.9542031746065,204.80874435464506
1611,oxygen:anaerobe,188.41061490331933,192.9593071292022
747,EC:1.9.3.1,137.058263926509,135.8640812306981
1255,gram_stain:negative,131.5015343254182,127.39455375002801
1736,sporulation:spore_forming,120.77923287575425,113.12883345631799
1757,temperature:mesophilic,102.23038319537599,99.13306107183041
1251,gc:high,71.21830465340986,68.7250342534389
1607,motility:motile,68.63466992147372,67.80562208533564
1256,gram_stain:positive,65.44107571285275,64.3820140254399
200,CHEBI:17634,65.26437485132121,66.88323563701827
1723,production:antibiotic_compound,56.31022987405028,64.9633644386027
1223,cell_shape:bacillus,46.43790897620658,46.48344099585051
1253,gc:mid1,41.41671565113332,42.81355714371577
174,CHEBI:17234,40.777392952472454,39.837321362403046
1252,gc:low,38.07322167037563,38.94888999482906
1254,gc:mid2,36.650164772209884,37.66595803811066
1614,oxygen:microaerophile,29.381310484713094,28.983518081426897
1522,isolation_source:saline,28.863018516889603,29.639483962559364
1609,oxygen:aerobe,25.89955852293232,25.196853680443493
266,CHEBI:22599,23.74259623646358,23.269919350499773
1205,assay:API_zym_Leucine arylamidase,22.636454579324933,22.74458132412521
895,assay:API_20E_GEL,19.966052746613766,18.42896588440062
182,CHEBI:17306,19.586810031896068,19.51059766427958
1517,isolation_source:root-rhizome,19.206576348178732,21.05573039897315
1214,assay:API_zym_alpha- Glucosidase,19.096690647123477,19.280095823019472
1226,cell_shape:coccus,18.58959566513917,20.12788151209774
1396,"isolation_source:herbaceous-plants-grass,crops",16.2313659686485,15.489588422429275
567,CHEBI:5291,16.103489113709482,15.841232454789283
223,CHEBI:17992,16.06838101041772,16.06786074151669
1528,isolation_source:sediment,15.002942172808549,15.641661007417678
787,EC:3.5.1.5,14.29251907426263,13.649160456200208
1217,assay:API_zym_beta- Glucosidase,13.39090935440151,13.492072399886098
1207,assay:API_zym_N-acetyl-beta- glucosaminidase,13.201434638339604,13.547304311301707
1210,assay:API_zym_Valine arylamidase,12.82695726554043,13.174296331267369
1208,assay:API_zym_Naphthol-AS-BI-phosphohydrolase,12.531666344467052,12.069724891406352
914,assay:API_20E_URE,11.89753304403141,10.843615319352514
539,CHEBI:4853,11.215748444835942,11.415880023519414
378,CHEBI:29016,11.111314471203446,10.435254635957222
179,CHEBI:17268,10.969912269017216,9.95910927723924
1613,oxygen:facultative_anaerobe,10.860811091689571,10.393633169355674
923,assay:API_20NE_GLU_ Assim,10.623949397380908,11.207874815928756
1383,isolation_source:geologic,10.434876114193916,9.908521969448723
80,CHEBI:16024,10.030000947681708,10.507664588289314
304,CHEBI:26546,9.901320759749343,9.81815950850939
1127,assay:API_coryne_PAL,9.44013276084526,10.012313076142854
144,CHEBI:16899,9.41138664158499,9.63788682356808
396,CHEBI:29864,9.369724623829917,9.066169631196946
765,EC:3.2.1.31,9.229939476404633,8.6014428271597
362,CHEBI:28757,9.124751225301274,8.878074598511969
743,EC:1.11.1.6,9.10810205164197,9.036723127760027
760,EC:3.2.1.21,9.036968222040258,9.077759405307777
759,EC:3.2.1.20,8.99260392638376,9.43226039652142
1231,cell_shape:filament,8.396125841824178,6.889604647630072
1129,assay:API_coryne_PYZ,8.381795756313018,9.087036804020745
1367,isolation_source:field,8.141810826431744,7.9734561845784695
1758,temperature:psychrophilic,8.129611883439003,8.143314354324342
1745,temp_opt:mid2,7.796026535566757,7.717842802274664
854,NaCl_range:very_low,7.007022336741623,6.841425091092944
578,CHEBI:53426,6.72664537246581,5.988502528410074
776,EC:3.4.11.1,6.721635345186298,6.676087294490098
313,CHEBI:27082,6.681143641888787,6.4486412548461765
591,CHEBI:59640,6.404778106108435,6.8707784408642425
457,CHEBI:33942,6.351952175656914,6.051275977892507
157,CHEBI:17057,6.307907892177097,6.2178837559707985
1262,isolation_source:activated-sludge,6.300572072887659,6.893771998161758
122,CHEBI:16634,5.948419275816589,5.956913712111039
1752,temp_range:mid2,5.764089097313853,5.5150730800413985
1513,isolation_source:rhizosphere,5.573505259564898,5.13115538988308
896,assay:API_20E_GLU,5.554896582085615,4.936098571440944
1550,isolation_source:sterilized-plant-part,5.524244179011365,6.5183681540857705
1566,isolation_source:thermophilic->45Â°c,5.279825763564279,5.246176763668113
1735,sporulation:non_spore_forming,5.005827232724493,5.184710799632132
416,CHEBI:30849,4.860271032258447,4.90079202355577
1379,isolation_source:fungi,4.534293403686971,4.008031070833036
1340,isolation_source:decomposing-plant,4.428011706117444,3.9343899751216753
1117,assay:API_coryne_CAT,4.104049686300732,4.560216708703382
852,NaCl_range:low,4.053314921857238,3.927038936213173
1759,temperature:thermophilic,4.041095339130315,3.9003043360329737
146,CHEBI:16947,3.927932103460577,3.977572958817633
1134,assay:API_coryne_alpha GLU,3.8362945263340915,4.0160741782559635
1602,isolation_source:xerophilic,3.802289983742959,4.404514034415367
1616,oxygen:obligate_aerobe,3.5496984365015254,3.4433447517338784
1632,pH_range:mid4,3.526178562140997,3.480941271440955
115,CHEBI:16467,3.406374563741812,3.3775216716290704
1206,assay:API_zym_Lipase,3.3318120453090776,3.42532575172708
753,EC:3.1.3.2,3.3112222567519267,3.2020296812644204
212,CHEBI:17814,3.267525789747435,3.4250925893490534
165,CHEBI:17128,3.2499046998555663,3.6151009157807446
1617,oxygen:obligate_anaerobe,3.225181613829877,3.68905892945448
1503,isolation_source:porifera-sponges,3.1899341749235077,3.2639851565519438
1326,isolation_source:composting,3.0903031421564924,2.614561879990482
345,CHEBI:28066,3.056985300909025,3.08961734019842
1137,assay:API_coryne_beta NAG,3.030885815817134,3.168202438156618
1215,assay:API_zym_alpha- Mannosidase,2.958936996198657,2.786911239042621
1132,assay:API_coryne_URE,2.8857445731657823,3.1621797154420936
1216,assay:API_zym_beta- Galactosidase,2.8327340092518885,2.8985960484516533
631,CHEBI:65327,2.741919495298158,2.6768718230982236
220,CHEBI:17924,2.730889385061336,3.0246138252328456
1124,assay:API_coryne_MAL,2.7177689196038135,3.1410648650243775
344,CHEBI:28053,2.6847031915185147,2.6078330434797046
1236,cell_shape:ovoid,2.624683512268813,2.588002954995528
853,NaCl_range:mid,2.4678355396632297,2.4720756331566656
1600,isolation_source:wound,2.3036667436333667,2.2331111687000904
73,CHEBI:15963,2.2355964436065974,1.9108583598485882
1211,assay:API_zym_alpha- Chymotrypsin,2.1476155951180806,2.201342538336309
1740,temp_delta:mid2,2.1289260404117707,1.9793953150586425
1498,isolation_source:plants,2.115783921030442,1.7668515704878465
1419,isolation_source:inflammation,2.094309301741295,2.0759827416075787
1577,isolation_source:tree,1.9791545715853827,1.6657985933961206
1618,pH_delta:high,1.97645361196431,2.0846152621165612
908,assay:API_20E_ONPG,1.954863081740838,1.953986760309953
1376,isolation_source:forest,1.897476405342041,2.0635759093157584
1136,assay:API_coryne_beta GUR,1.8537700103262842,1.6274269076520345
1548,isolation_source:stem-branch,1.7988881135275128,1.7832866444360242
1348,isolation_source:dust,1.610731179306791,2.004081634366443
1371,isolation_source:foam,1.576107956682894,1.3527276033207758
1446,isolation_source:mangrove,1.5511292551085967,1.281425628729458
1552,isolation_source:straw,1.48910297830959,1.511904983823152
1526,isolation_source:sandy,1.4485935769792713,1.6612478840449878
606,CHEBI:62968,1.4404204697766483,1.3025771502764254
1313,isolation_source:caprinae-sheep/goat,1.434535454739298,1.5034142014585148
501,CHEBI:37684,1.3275006598134285,1.3062860425364933
198,CHEBI:17596,1.3062424742767604,1.2540207624904607
1209,assay:API_zym_Trypsin,1.289080991696377,1.3235887523728682
1381,isolation_source:garden,1.2177228343734767,1.146652858548388
1413,isolation_source:indoor-air,1.2130113050117752,1.1805033909094023
171,CHEBI:17196,1.1457432979415356,1.0270692038544056
1739,temp_delta:mid1,1.0978285596756396,1.0638300327582761
815,ENVO:00002044,1.0106575925788277,0.9255960050675415
544,CHEBI:48923,0.9956570470094743,0.9090695950441725
340,CHEBI:28017,0.978689170550672,0.9131957605147063
661,CHEBI:74863,0.916739292451287,0.7527699723698035
783,EC:3.4.21.1,0.9013736503599075,0.8904210622319642
219,CHEBI:17895,0.9004947190000933,0.7971818487538982
1532,isolation_source:shrub-scrub,0.8892834473126549,0.8316199094760851
1119,assay:API_coryne_ESC,0.8822071917895603,0.8791989123196791
1436,isolation_source:lichen,0.8260001912999475,1.0350273987656724
46,CHEBI:15603,0.8093339575372224,0.6008245447952609
102,CHEBI:16296,0.6656654401957661,0.6364291145909609
669,CHEBI:75229,0.6463538639266254,0.5971744236347217
1591,isolation_source:volcanic,0.6415495883965524,0.7654434217357295
587,CHEBI:58143,0.6317694262008144,0.6566821745231175
1405,isolation_source:house,0.6167857453504686,0.6895254057167524
145,CHEBI:16919,0.6128894232794684,0.6141907669451263
1284,isolation_source:arid,0.6125177575206451,0.5117331288766519
1343,isolation_source:desert,0.6029427915737766,0.7151761448712942
53,CHEBI:15688,0.5856033007748327,0.5504921034609985
1551,isolation_source:stomach,0.5777269222545234,0.5008875945211326
1263,isolation_source:agriculture,0.5399083075146413,0.432496736230321
1042,assay:API_ID32E_GLU,0.45607672657475956,0.38356198088868537
1433,isolation_source:leg,0.4323866710130884,0.4532227742736103
697,CHEBI:81430,0.42985116293165665,0.252787940312049
402,CHEBI:30031,0.41583774271816326,0.3779380020175909
1122,assay:API_coryne_GLYG,0.4080070684151966,0.47850126436546414
1514,isolation_source:river-creek,0.3997489422805214,0.4230143834237165
1432,isolation_source:leaf-phyllosphere,0.3833176181335335,0.4763989663422234
733,CHEBI:9169,0.37394144782345673,0.6670118622522884
111,CHEBI:16414,0.3652528945218963,0.34125281030663
1362,isolation_source:eye,0.35855525842988684,0.47946066269854337
1308,isolation_source:bronchial-wash,0.3515929146789973,0.2844795957840143
1495,isolation_source:plant-litter-forest,0.3495593786566983,0.2616771845787615
375,CHEBI:28945,0.3466251442320157,0.17974127849247457
1082,assay:API_ID32STA_PAL,0.3262311884599885,0.28592978793618007
228,CHEBI:18101,0.31635045129410794,0.28052602490292705
1483,isolation_source:painting,0.30520870167497766,0.31347171109740085
446,CHEBI:32954,0.29798177588563723,0.2623216048983035
215,CHEBI:17833,0.29667834250737724,0.35912939541433314
1448,isolation_source:meadow,0.2723654411527345,0.19694894690978354
1420,isolation_source:insecta,0.26832507485950985,0.22508785913034943
1066,assay:API_ID32E_beta NAG,0.2616275922231973,0.19273760394078943
802,ENVO:00000073,0.2565033966453099,0.3836558212182416
806,ENVO:00001995,0.2507376105534593,0.24023204137523693
1593,isolation_source:waste,0.24938189126180657,0.2658362039915001
221,CHEBI:17925,0.24415538010499466,0.199178918429117
1466,isolation_source:mushroom,0.24291915934648167,0.17812870826824004
1623,pH_delta:very_low,0.24030936890015206,0.24238364418622993
1524,isolation_source:salmonidae,0.23507614147413367,0.19155935748129146
45,CHEBI:15589,0.23360599207193528,0.2431068523374999
623,CHEBI:63675,0.22982732041651807,0.12148978379311734
1512,isolation_source:rhizoplane,0.22774867199598112,0.41564273347080954
477,CHEBI:35418,0.21220445896446619,0.17286470598569195
1328,isolation_source:contaminant,0.21158380648753614,0.18312537248795274
537,CHEBI:48095,0.18693705970935245,0.17786056775248893
1390,isolation_source:grove-orchard,0.18334052711443063,0.13179563582663542
1293,isolation_source:biofilter,0.15835345598809294,0.1059281007096374
726,CHEBI:90603,0.15234505561794007,0.07808625638718081
1648,pathways:aromatic_hydrocarbon_degradation,0.15183304642380283,0.2127413708668631
1265,isolation_source:air-conditioner,0.13136560382942905,0.06378340783127955
670,CHEBI:75248,0.12945386387813293,0.09729008780612901
104,CHEBI:16324,0.1282071546293878,0.06600492330343238
391,CHEBI:29687,0.12540950664260928,0.12490316523554187
1395,isolation_source:heavy-metal,0.12229050866254568,0.10427415928516057
613,CHEBI:63150,0.12195886342878863,0.07540637912239673
510,CHEBI:39201,0.11989135504160287,0.060520162389769164
123,CHEBI:16643,0.1186808533306884,0.16240267650849544
1579,isolation_source:tuberculosis,0.11657530145682596,0.10092912354794438
308,CHEBI:2676,0.10916896223973233,0.1842048891562831
309,CHEBI:26789,0.10786875634285897,0.054497694576088405
202,CHEBI:176843,0.10781794073145998,0.053795033423591605
1187,assay:API_rID32STR_SOR,0.10577354222536552,0.09446470025256676
390,CHEBI:29673,0.10342110229219505,0.12260803998943079
1540,isolation_source:specimen,0.10250310394322942,0.09196965309858741
569,CHEBI:53156,0.09704459768252802,0.05154373421573939
52,CHEBI:15676,0.09308264070465362,0.0998299344527155
717,CHEBI:89634,0.09252914259825196,0.17699878476692907
98,CHEBI:16235,0.09120565180496283,0.07885208362794004
452,CHEBI:33801,0.08777243983990712,0.037307046254525654
486,CHEBI:36218,0.08576470494346419,0.04723779345938654
1480,isolation_source:outdoor-air,0.08175334889074451,0.07539880932954145
449,CHEBI:3362,0.0741530632390935,0.2957767069016451
605,CHEBI:62965,0.0725995696270031,0.28107872120808564
633,CHEBI:66279,0.07234606666536962,0.035632456290294164
668,CHEBI:75228,0.06665740573669919,0.042085867635803326
195,CHEBI:17540,0.05962194292912239,0.04387342206536849
129,CHEBI:16716,0.052249176053540396,0.07582432503246128
566,CHEBI:52722,0.04917419418019256,0.024619507274093747
1640,pathways:aliphatic_non_methane_hydrocarbon_degradation,0.04793914807376059,0.03844490055090839
1364,isolation_source:felidae-cat,0.04780044221447059,0.041619251240310094
100,CHEBI:16261,0.043948199556941514,0.02240348337251463
193,CHEBI:17464,0.04168123584839768,0.06553627261770936
235,CHEBI:18203,0.03630369789187667,0.019417872801684447
707,CHEBI:85248,0.03012046002264249,0.017518511486872234
82,CHEBI:16027,0.028046298440837766,0.014035715203042715
185,CHEBI:17317,0.02653856037097589,0.010348463192236873
1361,isolation_source:extracellular,0.025702416707910628,0.013106322345195388
272,CHEBI:23044,0.024349887850925917,0.013362419412174522
1068,assay:API_ID32STA_ARA,0.020807123209858988,0.018803877402382874
3,CHEBI:10057,0.019324522584144986,0.012068379969111217
364,CHEBI:28808,0.019076759426972466,0.00954258694810282
365,CHEBI:28816,0.018860368940694313,0.009428320716978838
263,CHEBI:2179,0.014894121390044363,0.007448326769404994
1242,cell_shape:spore,0.011472465344460907,0.005712316243093909
727,CHEBI:90608,0.01127845483633498,0.02554829265868371
97,CHEBI:16227,0.009707037287485658,0.021672663614469075
50,CHEBI:156452,0.004935356324599986,0.0025009072664273517
1170,assay:API_rID32STR_DARL,0.0,0.0
1175,assay:API_rID32STR_LARA,0.0,0.0
1193,assay:API_rID32STR_beta GAL,0.0,0.0
1192,assay:API_rID32STR_alpha GAL,0.0,0.0
1289,isolation_source:bark,0.0,0.0
1288,isolation_source:bacteria,0.0,0.0
1191,assay:API_rID32STR_VP,0.0,0.0
1290,isolation_source:beverage,0.0,0.0
1302,isolation_source:bone,0.0,0.0
1291,isolation_source:biodegradation,0.0,0.0
1172,assay:API_rID32STR_GTA,0.0,0.0
1173,assay:API_rID32STR_HIP,0.0,0.0
1190,assay:API_rID32STR_URE,0.0,0.0
1174,assay:API_rID32STR_LAC,0.0,0.0
1301,isolation_source:blood-culture,0.0,0.0
1171,assay:API_rID32STR_GLYG,0.0,0.0
1185,assay:API_rID32STR_RIB,0.0,0.0
1176,assay:API_rID32STR_MAL,0.0,0.0
1292,isolation_source:biofilm,0.0,0.0
1184,assay:API_rID32STR_RAF,0.0,0.0
1186,assay:API_rID32STR_SAC,0.0,0.0
1296,isolation_source:bioremediation,0.0,0.0
1297,isolation_source:birds,0.0,0.0
1183,assay:API_rID32STR_PyrA,0.0,0.0
1298,isolation_source:bladder,0.0,0.0
1299,isolation_source:bladder-stone,0.0,0.0
1300,isolation_source:blood,0.0,0.0
1182,assay:API_rID32STR_PUL,0.0,0.0
1188,assay:API_rID32STR_TAG,0.0,0.0
1294,isolation_source:biopsy,0.0,0.0
1189,assay:API_rID32STR_TRE,0.0,0.0
1181,assay:API_rID32STR_PAL,0.0,0.0
1180,assay:API_rID32STR_Mbeta DG,0.0,0.0
1179,assay:API_rID32STR_MLZ,0.0,0.0
1295,isolation_source:bioreactor,0.0,0.0
1177,assay:API_rID32STR_MAN,0.0,0.0
1178,assay:API_rID32STR_MEL,0.0,0.0
1245,cell_shape:star_dumbbell_pleomorphic,0.0,0.0
1287,isolation_source:aspirate,0.0,0.0
1222,cell_length:very_low,0.0,0.0
1228,cell_shape:disc ,0.0,0.0
1227,cell_shape:curved,0.0,0.0
1168,assay:API_rID32STR_APPA,0.0,0.0
1225,cell_shape:coccobacillus,0.0,0.0
1224,cell_shape:branced,0.0,0.0
1257,gram_stain:variable,0.0,0.0
1221,cell_length:mid,0.0,0.0
1286,isolation_source:arthropoda,0.0,0.0
1258,isolation_source:abdomen,0.0,0.0
1220,cell_length:low,0.0,0.0
1219,cell_length:high,0.0,0.0
1218,assay:API_zym_beta- Glucuronidase,0.0,0.0
1259,isolation_source:abort,0.0,0.0
1260,isolation_source:abscess,0.0,0.0
1229,cell_shape:dumbbell,0.0,0.0
1230,cell_shape:ellipsoidal,0.0,0.0
1232,cell_shape:fusiform,0.0,0.0
1250,cell_width:very_low,0.0,0.0
1233,cell_shape:helical,0.0,0.0
1234,cell_shape:irregular,0.0,0.0
1235,cell_shape:oval,0.0,0.0
1249,cell_width:mid,0.0,0.0
1237,cell_shape:pleomorphic,0.0,0.0
1238,cell_shape:ring,0.0,0.0
1248,cell_width:low,0.0,0.0
1247,cell_width:high,0.0,0.0
1240,cell_shape:sphere,0.0,0.0
1246,cell_shape:vibrio,0.0,0.0
1241,cell_shape:spiral,0.0,0.0
1243,cell_shape:square,0.0,0.0
1244,cell_shape:star,0.0,0.0
1261,isolation_source:acidic,0.0,0.0
1264,isolation_source:air,0.0,0.0
1266,isolation_source:airways,0.0,0.0
1279,isolation_source:antibiotic-treatment,0.0,0.0
1194,assay:API_rID32STR_beta GAR,0.0,0.0
1285,isolation_source:arm,0.0,0.0
1195,assay:API_rID32STR_beta GLU,0.0,0.0
1283,isolation_source:aquatic-plant,0.0,0.0
1196,assay:API_rID32STR_beta GUR,0.0,0.0
1197,assay:API_rID32STR_beta MAN,0.0,0.0
1282,isolation_source:aquatic-mammal,0.0,0.0
1281,isolation_source:aquatic,0.0,0.0
1198,assay:API_rID32STR_beta NAG,0.0,0.0
1199,assay:API_zym_Acid phosphatase,0.0,0.0
1280,isolation_source:aquaculture,0.0,0.0
1200,assay:API_zym_Alkaline phosphatase,0.0,0.0
1201,assay:API_zym_Control,0.0,0.0
1202,assay:API_zym_Cystine arylamidase,0.0,0.0
1203,assay:API_zym_Esterase,0.0,0.0
1267,isolation_source:algae,0.0,0.0
1204,assay:API_zym_Esterase Lipase,0.0,0.0
1278,isolation_source:anoxic-anaerobic,0.0,0.0
1277,isolation_source:annelida,0.0,0.0
1276,isolation_source:ankle,0.0,0.0
1275,isolation_source:animal-produced-food-natural,0.0,0.0
1274,"isolation_source:animal-habitation-nest,burrow",0.0,0.0
1273,isolation_source:animal-feed,0.0,0.0
1272,isolation_source:anaerobic-digestor,0.0,0.0
1271,isolation_source:amphibia,0.0,0.0
1212,assay:API_zym_alpha- Fucosidase,0.0,0.0
1270,isolation_source:amniotic-fluid,0.0,0.0
1213,assay:API_zym_alpha- Galactosidase,0.0,0.0
1269,isolation_source:alpine,0.0,0.0
1268,isolation_source:alkaline,0.0,0.0
1169,assay:API_rID32STR_CDEX,0.0,0.0
0,CHEBI:100147,0.0,0.0
1167,assay:API_rID32STR_ADH Arg,0.0,0.0
1013,assay:API_50CHas_MEL,0.0,0.0
1023,assay:API_CAM_GLU,0.0,0.0
1022,assay:API_CAM_GGT,0.0,0.0
1021,assay:API_CAM_EST,0.0,0.0
1020,assay:API_CAM_ERO,0.0,0.0
1019,assay:API_CAM_CIT,0.0,0.0
1018,assay:API_CAM_CFZ,0.0,0.0
1017,assay:API_CAM_CAT,0.0,0.0
1016,assay:API_CAM_AspA,0.0,0.0
1015,assay:API_CAM_ArgA,0.0,0.0
1014,assay:API_CAM_ACE,0.0,0.0
1012,assay:API_50CHas_LARA,0.0,0.0
1025,assay:API_CAM_HIP,0.0,0.0
1011,assay:API_50CHas_GLU,0.0,0.0
1010,assay:API_50CHas_FRU,0.0,0.0
1009,assay:API_50CHas_DFUC,0.0,0.0
1008,assay:API_50CHas_CEL,0.0,0.0
1007,assay:API_50CHas_ARB,0.0,0.0
1006,assay:API_50CHas_AMD,0.0,0.0
1005,assay:API_50CHac_XLT,0.0,0.0
1004,assay:API_50CHac_TUR,0.0,0.0
1003,assay:API_50CHac_TRE,0.0,0.0
1002,assay:API_50CHac_TAG,0.0,0.0
1024,assay:API_CAM_H2S,0.0,0.0
1026,assay:API_CAM_MLT,0.0,0.0
1000,assay:API_50CHac_SBE,0.0,0.0
1039,assay:API_ID32E_CEL,0.0,0.0
1050,assay:API_ID32E_MAN,0.0,0.0
1049,assay:API_ID32E_MAL,0.0,0.0
1048,assay:API_ID32E_LIP,0.0,0.0
1047,assay:API_ID32E_LDC Lys,0.0,0.0
1046,assay:API_ID32E_LARL,0.0,0.0
1045,assay:API_ID32E_LARA,0.0,0.0
1044,assay:API_ID32E_INO,0.0,0.0
1043,assay:API_ID32E_IND,0.0,0.0
1041,assay:API_ID32E_GAT,0.0,0.0
1040,assay:API_ID32E_DARL,0.0,0.0
1038,assay:API_ID32E_AspA,0.0,0.0
1027,assay:API_CAM_NAL,0.0,0.0
1037,assay:API_ID32E_ADO,0.0,0.0
1036,assay:API_ID32E_ADH Arg,0.0,0.0
1035,assay:API_ID32E_5KG,0.0,0.0
1034,assay:API_CAM_URE,0.0,0.0
1033,assay:API_CAM_TTC,0.0,0.0
1032,assay:API_CAM_SUT,0.0,0.0
1031,assay:API_CAM_PYRA,0.0,0.0
1030,assay:API_CAM_PROP,0.0,0.0
1029,assay:API_CAM_PAL,0.0,0.0
1028,assay:API_CAM_NIT,0.0,0.0
1001,assay:API_50CHac_SOR,0.0,0.0
999,assay:API_50CHac_SAL,0.0,0.0
1166,assay:API_rID32A_beta NAG,0.0,0.0
961,assay:API_50CHac_AMD,0.0,0.0
971,assay:API_50CHac_ESC,0.0,0.0
970,assay:API_50CHac_ERY,0.0,0.0
969,assay:API_50CHac_DXYL,0.0,0.0
968,assay:API_50CHac_DUL,0.0,0.0
967,assay:API_50CHac_DFUC,0.0,0.0
966,assay:API_50CHac_DARL,0.0,0.0
965,assay:API_50CHac_DARA,0.0,0.0
964,assay:API_50CHac_CEL,0.0,0.0
963,assay:API_50CHac_ARB,0.0,0.0
962,assay:API_50CHac_AMY,0.0,0.0
960,assay:API_50CHac_ADO,0.0,0.0
973,assay:API_50CHac_GAL,0.0,0.0
959,assay:API_50CHac_5KG,0.0,0.0
958,assay:API_50CHac_2KG,0.0,0.0
957,assay:API_20STR_beta HEM,0.0,0.0
956,assay:API_20STR_beta GUR,0.0,0.0
955,assay:API_20STR_beta GAL,0.0,0.0
954,assay:API_20STR_alpha GAL,0.0,0.0
953,assay:API_20STR_VP,0.0,0.0
952,assay:API_20STR_TRE,0.0,0.0
951,assay:API_20STR_SOR,0.0,0.0
950,assay:API_20STR_RIB,0.0,0.0
972,assay:API_50CHac_FRU,0.0,0.0
974,assay:API_50CHac_GEN,0.0,0.0
998,assay:API_50CHac_SAC,0.0,0.0
987,assay:API_50CHac_MAN,0.0,0.0
997,assay:API_50CHac_RIB,0.0,0.0
996,assay:API_50CHac_RHA,0.0,0.0
995,assay:API_50CHac_RAF,0.0,0.0
994,assay:API_50CHac_NAG,0.0,0.0
993,assay:API_50CHac_MNE,0.0,0.0
992,assay:API_50CHac_MLZ,0.0,0.0
991,assay:API_50CHac_MEL,0.0,0.0
990,assay:API_50CHac_MDX,0.0,0.0
989,assay:API_50CHac_MDM,0.0,0.0
988,assay:API_50CHac_MDG,0.0,0.0
986,assay:API_50CHac_MAL,0.0,0.0
975,assay:API_50CHac_GLU,0.0,0.0
985,assay:API_50CHac_LYX,0.0,0.0
984,assay:API_50CHac_LFUC,0.0,0.0
983,assay:API_50CHac_LARL,0.0,0.0
982,assay:API_50CHac_LARA,0.0,0.0
981,assay:API_50CHac_LAC,0.0,0.0
980,assay:API_50CHac_INU,0.0,0.0
979,assay:API_50CHac_INO,0.0,0.0
978,assay:API_50CHac_GNT,0.0,0.0
977,assay:API_50CHac_GLYG,0.0,0.0
976,assay:API_50CHac_GLY,0.0,0.0
1051,assay:API_ID32E_MNT,0.0,0.0
1052,assay:API_ID32E_ODC,0.0,0.0
1053,assay:API_ID32E_PLE,0.0,0.0
1123,assay:API_coryne_LAC,0.0,0.0
1139,assay:API_rID32A_AlaA,0.0,0.0
1138,assay:API_rID32A_ADH Arg,0.0,0.0
1135,assay:API_coryne_beta GAL,0.0,0.0
1133,assay:API_coryne_XYL,0.0,0.0
1131,assay:API_coryne_SAC,0.0,0.0
1130,assay:API_coryne_RIB,0.0,0.0
1304,"isolation_source:bottled,-canned,-packed-food",0.0,0.0
1128,assay:API_coryne_PYRA,0.0,0.0
1126,assay:API_coryne_NIT,0.0,0.0
1125,assay:API_coryne_MAN,0.0,0.0
1121,assay:API_coryne_GLU,0.0,0.0
1141,assay:API_rID32A_GDC,0.0,0.0
1120,assay:API_coryne_GEL,0.0,0.0
1118,assay:API_coryne_Control,0.0,0.0
1116,assay:API_NH_beta GAL,0.0,0.0
1115,assay:API_NH_URE,0.0,0.0
1114,assay:API_NH_SAC,0.0,0.0
1113,assay:API_NH_ProA,0.0,0.0
1112,assay:API_NH_PEN,0.0,0.0
1111,assay:API_NH_PAL,0.0,0.0
1110,assay:API_NH_ODC,0.0,0.0
1109,assay:API_NH_MAL,0.0,0.0
1140,assay:API_rID32A_ArgA,0.0,0.0
1142,assay:API_rID32A_GGA,0.0,0.0
1054,assay:API_ID32E_RHA,0.0,0.0
1155,assay:API_rID32A_SerA,0.0,0.0
1165,assay:API_rID32A_beta GUR,0.0,0.0
1164,assay:API_rID32A_beta GP,0.0,0.0
1163,assay:API_rID32A_beta GLU,0.0,0.0
1162,assay:API_rID32A_beta GAL,0.0,0.0
1161,assay:API_rID32A_alpha GLU,0.0,0.0
1160,assay:API_rID32A_alpha GAL,0.0,0.0
1159,assay:API_rID32A_alpha FUC,0.0,0.0
1158,assay:API_rID32A_alpha ARA,0.0,0.0
1157,assay:API_rID32A_URE,0.0,0.0
1156,assay:API_rID32A_TyrA,0.0,0.0
1154,assay:API_rID32A_RAF,0.0,0.0
1143,assay:API_rID32A_GlyA,0.0,0.0
1153,assay:API_rID32A_PyrA,0.0,0.0
1152,assay:API_rID32A_ProA,0.0,0.0
1151,assay:API_rID32A_PheA,0.0,0.0
1150,assay:API_rID32A_PAL,0.0,0.0
1149,assay:API_rID32A_NIT,0.0,0.0
1148,assay:API_rID32A_MNE,0.0,0.0
1147,assay:API_rID32A_LeuA,0.0,0.0
1146,assay:API_rID32A_LGA,0.0,0.0
1145,assay:API_rID32A_IND,0.0,0.0
1144,assay:API_rID32A_HisA,0.0,0.0
1108,assay:API_NH_LIP,0.0,0.0
1107,assay:API_NH_IND,0.0,0.0
1106,assay:API_NH_GLU,0.0,0.0
1067,assay:API_ID32STA_ADH Arg,0.0,0.0
1078,assay:API_ID32STA_NAG,0.0,0.0
1077,assay:API_ID32STA_MNE,0.0,0.0
1076,assay:API_ID32STA_MAN,0.0,0.0
1075,assay:API_ID32STA_MAL,0.0,0.0
1074,assay:API_ID32STA_LAC,0.0,0.0
1073,assay:API_ID32STA_GLU,0.0,0.0
1072,assay:API_ID32STA_FRU,0.0,0.0
1071,assay:API_ID32STA_ESC,0.0,0.0
1070,assay:API_ID32STA_CEL,0.0,0.0
1069,assay:API_ID32STA_ArgA,0.0,0.0
1065,assay:API_ID32E_beta GUR,0.0,0.0
1105,assay:API_NH_GGT,0.0,0.0
1064,assay:API_ID32E_beta GLU,0.0,0.0
1063,assay:API_ID32E_beta GAL,0.0,0.0
1062,assay:API_ID32E_alphaMAL,0.0,0.0
1061,assay:API_ID32E_alpha GLU,0.0,0.0
1060,assay:API_ID32E_alpha GAL,0.0,0.0
1059,assay:API_ID32E_URE,0.0,0.0
1058,assay:API_ID32E_TRE,0.0,0.0
1057,assay:API_ID32E_SOR,0.0,0.0
1056,assay:API_ID32E_SAC,0.0,0.0
1055,assay:API_ID32E_RP,0.0,0.0
1079,assay:API_ID32STA_NIT,0.0,0.0
1080,assay:API_ID32STA_NOVO,0.0,0.0
1081,assay:API_ID32STA_ODC,0.0,0.0
1083,assay:API_ID32STA_PyrA,0.0,0.0
1104,assay:API_NH_FRU,0.0,0.0
1103,assay:API_LIST_beta HEM,0.0,0.0
1102,assay:API_LIST_alpha MAN,0.0,0.0
1101,assay:API_LIST_XYL,0.0,0.0
1100,assay:API_LIST_TAG,0.0,0.0
1099,assay:API_LIST_RIB,0.0,0.0
1098,assay:API_LIST_RHA,0.0,0.0
1097,assay:API_LIST_MDG,0.0,0.0
1096,assay:API_LIST_G1P,0.0,0.0
1095,assay:API_LIST_ESC,0.0,0.0
1094,assay:API_LIST_DIM,0.0,0.0
1093,assay:API_LIST_DARL,0.0,0.0
1092,assay:API_ID32STA_beta GUR,0.0,0.0
1091,assay:API_ID32STA_beta GAL,0.0,0.0
1090,assay:API_ID32STA_VP,0.0,0.0
1089,assay:API_ID32STA_URE,0.0,0.0
1088,assay:API_ID32STA_TUR,0.0,0.0
1087,assay:API_ID32STA_TRE,0.0,0.0
1086,assay:API_ID32STA_SAC,0.0,0.0
1085,assay:API_ID32STA_RIB,0.0,0.0
1084,assay:API_ID32STA_RAF,0.0,0.0
1303,isolation_source:boreal,0.0,0.0
1373,isolation_source:food-production,0.0,0.0
1305,"isolation_source:bovinae-cow,-cattle",0.0,0.0
1645,pathways:anoxygenic_photoautotrophy_sulfur_oxidation,0.0,0.0
1643,pathways:anoxygenic_photoautotrophy_hydrogen_oxidation,0.0,0.0
1642,pathways:anoxygenic_photoautotrophy,0.0,0.0
1641,pathways:aminoacid_degradation,0.0,0.0
1639,pathways:aerobic_heterotrophy,0.0,0.0
1638,pathways:aerobic_chemo_heterotrophy,0.0,0.0
1637,pathways:aerobic_anoxygenic_phototrophy,0.0,0.0
1636,pathways:acetogenesis,0.0,0.0
1635,pathogen:plant,0.0,0.0
1634,pathogen:human,0.0,0.0
1633,pathogen:animal,0.0,0.0
1631,pH_range:mid3,0.0,0.0
1630,pH_range:mid2,0.0,0.0
1629,pH_range:mid1,0.0,0.0
1628,pH_range:low,0.0,0.0
1627,pH_opt:mid2,0.0,0.0
1626,pH_opt:mid1,0.0,0.0
1625,pH_opt:low,0.0,0.0
1624,pH_opt:high,0.0,0.0
1622,pH_delta:mid3,0.0,0.0
1621,pH_delta:mid2,0.0,0.0
1620,pH_delta:mid1,0.0,0.0
1644,pathways:anoxygenic_photoautotrophy_iron_oxidation,0.0,0.0
1646,pathways:antibiotic_resistance,0.0,0.0
1615,oxygen:microaerotolerant,0.0,0.0
1647,pathways:aromatic_compound_degradation,0.0,0.0
1669,pathways:iron_oxidation_dark,0.0,0.0
1668,pathways:iron_oxidation,0.0,0.0
1667,pathways:hydrogen_oxidation_dark,0.0,0.0
1666,pathways:hydrogen_oxidation,0.0,0.0
1665,pathways:hydrocarbon_degradation,0.0,0.0
1664,pathways:heterotrophic,0.0,0.0
1663,pathways:galena_oxidation,0.0,0.0
1662,pathways:fumarate_reduction,0.0,0.0
1661,pathways:fermentation,0.0,0.0
1660,pathways:denitrification,0.0,0.0
1659,pathways:chlorate_reduction,0.0,0.0
1658,pathways:chitin_degradation,0.0,0.0
1657,pathways:chalcopyrite_oxidation,0.0,0.0
1656,pathways:cellulose_degradation,0.0,0.0
1655,pathways:cellobiose_degradation,0.0,0.0
1654,pathways:carbonmonoxide_reduction,0.0,0.0
1653,pathways:carbonmonoxide_oxidation,0.0,0.0
1652,pathways:carbon_monoxide_oxidation,0.0,0.0
1651,pathways:autotrophy,0.0,0.0
1650,pathways:arsenite_oxidation,0.0,0.0
1649,pathways:arsenate_reduction,0.0,0.0
1619,pH_delta:low,0.0,0.0
1612,oxygen:facultative_aerobe,0.0,0.0
1671,pathways:ligninolysis,0.0,0.0
1580,isolation_source:tundra,0.0,0.0
1576,isolation_source:treatment,0.0,0.0
1575,isolation_source:transportation-ways-roads,0.0,0.0
1574,isolation_source:trachea,0.0,0.0
1573,isolation_source:torso,0.0,0.0
1572,isolation_source:tooth,0.0,0.0
1571,isolation_source:timber,0.0,0.0
1570,isolation_source:tidal-flat,0.0,0.0
1569,isolation_source:tick,0.0,0.0
1568,isolation_source:throat,0.0,0.0
1567,isolation_source:thoracic-segment,0.0,0.0
1565,isolation_source:thermal-spring,0.0,0.0
1564,isolation_source:terrestrial,0.0,0.0
1563,isolation_source:temperate,0.0,0.0
1562,isolation_source:synovial-fluid,0.0,0.0
1561,isolation_source:swab,0.0,0.0
1560,isolation_source:surface-water,0.0,0.0
1559,isolation_source:surface-swab,0.0,0.0
1558,isolation_source:sulfuric,0.0,0.0
1557,"isolation_source:suidae-pig,swine",0.0,0.0
1556,isolation_source:sugary-food,0.0,0.0
1555,isolation_source:subtropical,0.0,0.0
1578,isolation_source:tropical,0.0,0.0
1581,isolation_source:tunicata,0.0,0.0
1610,oxygen:aerotolerant,0.0,0.0
1582,isolation_source:urethra,0.0,0.0
1608,motility:non_motile,0.0,0.0
1606,isolation_source:zooplankton,0.0,0.0
1605,isolation_source:zebrafish,0.0,0.0
1604,isolation_source:yeast,0.0,0.0
1603,isolation_source:xerophytic,0.0,0.0
1601,isolation_source:wound-fluid,0.0,0.0
1599,isolation_source:wilt,0.0,0.0
1598,isolation_source:wetland-swamp,0.0,0.0
1597,isolation_source:water-treatment-plant,0.0,0.0
1596,isolation_source:water-reservoir-aquarium/pool,0.0,0.0
1595,isolation_source:wastewater,0.0,0.0
1594,isolation_source:waste-gas,0.0,0.0
1592,isolation_source:vomit,0.0,0.0
1590,isolation_source:viriome,0.0,0.0
1589,isolation_source:vineyard,0.0,0.0
1588,isolation_source:vegetable-incl.-grains,0.0,0.0
1587,isolation_source:vascular-system,0.0,0.0
1586,isolation_source:vaginal-secretion,0.0,0.0
1585,isolation_source:vagina,0.0,0.0
1584,isolation_source:urogenital-tract,0.0,0.0
1583,isolation_source:urine,0.0,0.0
1670,pathways:iron_reduction,0.0,0.0
1672,pathways:manganese_oxidation,0.0,0.0
1306,isolation_source:brackish,0.0,0.0
1753,temp_range:mid3,0.0,0.0
1750,temp_range:low,0.0,0.0
1749,temp_range:high,0.0,0.0
1748,temp_opt:very_low,0.0,0.0
1747,temp_opt:mid4,0.0,0.0
1746,temp_opt:mid3,0.0,0.0
1744,temp_opt:mid1,0.0,0.0
1743,temp_opt:low,0.0,0.0
1742,temp_opt:high,0.0,0.0
1741,temp_delta:mid3,0.0,0.0
1738,temp_delta:low,0.0,0.0
1737,temp_delta:high,0.0,0.0
1734,salinity:slightly_halophilic,0.0,0.0
1733,salinity:non_halophilic,0.0,0.0
1732,salinity:moderately_halophilic,0.0,0.0
1731,salinity:halotolerant,0.0,0.0
1730,salinity:halophilic,0.0,0.0
1729,salinity:extremely_halophilic,0.0,0.0
1728,production:toxin,0.0,0.0
1727,production:polysaccharide,0.0,0.0
1726,production:pigmented,0.0,0.0
1725,production:methane,0.0,0.0
1751,temp_range:mid1,0.0,0.0
1754,temp_range:mid4,0.0,0.0
1722,production:amino_acid,0.0,0.0
1755,temp_range:very_low,0.0,0.0
1779,trophic_type:photoheterotrophy,0.0,0.0
1778,trophic_type:organotrophy,0.0,0.0
1777,trophic_type:organoheterotrophy,0.0,0.0
1776,trophic_type:mixotrophy,0.0,0.0
1775,trophic_type:methylotrophy,0.0,0.0
1774,trophic_type:lithotrophy,0.0,0.0
1773,trophic_type:lithoheterotrophy,0.0,0.0
1772,trophic_type:lithoautotrophy,0.0,0.0
1771,trophic_type:heterotrophy,0.0,0.0
1770,trophic_type:copiotroph_diazotrophy,0.0,0.0
1769,trophic_type:chemotrophy,0.0,0.0
1768,trophic_type:chemoorganotrophy,0.0,0.0
1767,trophic_type:chemoorganoheterotrophy,0.0,0.0
1766,trophic_type:chemolithotrophy,0.0,0.0
1765,trophic_type:chemolithoheterotrophy,0.0,0.0
1764,trophic_type:chemolithoautotrophy,0.0,0.0
1763,trophic_type:chemoheterotrophy,0.0,0.0
1762,trophic_type:chemoautotrophy,0.0,0.0
1761,trophic_type:chemoautolithotrophy,0.0,0.0
1760,trophic_type:autotrophy,0.0,0.0
1756,temperature:hyperthermophilic,0.0,0.0
1724,production:lactate,0.0,0.0
1721,production:alcohol,0.0,0.0
1673,pathways:manganese_reduction,0.0,0.0
1696,pathways:sulfite_oxidation_dark,0.0,0.0
1694,pathways:sulfide_oxidation,0.0,0.0
1693,pathways:sulfate_reduction,0.0,0.0
1692,pathways:selenate_reduction,0.0,0.0
1691,pathways:pyrite_oxidation,0.0,0.0
1690,pathways:plastic_degradation,0.0,0.0
1689,pathways:photoheterotrophy,0.0,0.0
1688,pathways:pah_degradation,0.0,0.0
1687,pathways:nitrous_oxide_reduction,0.0,0.0
1686,pathways:nitrogen_fixation,0.0,0.0
1685,pathways:nitrite_reduction_to_ammonia,0.0,0.0
1684,pathways:nitrite_reduction,0.0,0.0
1683,pathways:nitrification,0.0,0.0
1682,pathways:nitric_oxide_reduction,0.0,0.0
1681,pathways:nitrate_reduction_to_ammonia,0.0,0.0
1680,pathways:nitrate_reduction,0.0,0.0
1679,pathways:methylotrophy,0.0,0.0
1678,pathways:methanol_oxidation,0.0,0.0
1677,pathways:methanogenesis_h2co2,0.0,0.0
1676,pathways:methanogenesis_acetoclastic,0.0,0.0
1675,pathways:methanogenesis,0.0,0.0
1674,pathways:methane_oxidation,0.0,0.0
1695,pathways:sulfide_oxidation_dark,0.0,0.0
1697,pathways:sulfite_reduction,0.0,0.0
1720,pigment:yellow,0.0,0.0
1698,pathways:sulfur_compound_oxidation_dark,0.0,0.0
1719,pigment:white,0.0,0.0
1718,pigment:red,0.0,0.0
1717,pigment:pink,0.0,0.0
1716,pigment:orange,0.0,0.0
1715,pigment:green,0.0,0.0
1714,pigment:cream,0.0,0.0
1713,pigment:carotenoid,0.0,0.0
1712,pigment:brown,0.0,0.0
1711,pigment:black,0.0,0.0
1710,pathways:xylan_degradation,0.0,0.0
1709,pathways:urea_degradation,0.0,0.0
1708,pathways:uranyl_reduction,0.0,0.0
1707,pathways:uraninite_oxidation,0.0,0.0
1706,pathways:thiosulfate_reduction,0.0,0.0
1705,pathways:thiosulfate_oxidation_dark,0.0,0.0
1704,pathways:thiosulfate_oxidation,0.0,0.0
1703,pathways:thiosulfate_disproportionation,0.0,0.0
1702,pathways:tetrathionate_oxidation,0.0,0.0
1701,pathways:sulfur_reduction,0.0,0.0
1700,pathways:sulfur_oxidation_dark,0.0,0.0
1699,pathways:sulfur_oxidation,0.0,0.0
1554,isolation_source:subgingival-plaque,0.0,0.0
1553,isolation_source:subarctic,0.0,0.0
1549,isolation_source:sterilized-desinfected,0.0,0.0
1398,isolation_source:host-body-product,0.0,0.0
1394,isolation_source:heart-valve,0.0,0.0
1393,isolation_source:heart,0.0,0.0
1392,isolation_source:head,0.0,0.0
1391,isolation_source:hand,0.0,0.0
1389,isolation_source:groundwater,0.0,0.0
1388,isolation_source:greenhouse,0.0,0.0
1387,isolation_source:green-algae,0.0,0.0
1386,isolation_source:grassland,0.0,0.0
1385,isolation_source:glacier,0.0,0.0
1384,isolation_source:gingiva,0.0,0.0
1382,isolation_source:gastrointestinal-tract,0.0,0.0
1380,isolation_source:gall,0.0,0.0
1378,isolation_source:fruit-seed,0.0,0.0
1377,isolation_source:freshwater,0.0,0.0
1375,isolation_source:foot,0.0,0.0
1374,isolation_source:food_fermented,0.0,0.0
948,assay:API_20STR_PYRA,0.0,0.0
1372,isolation_source:food,0.0,0.0
1370,isolation_source:fluids,0.0,0.0
1369,isolation_source:flower,0.0,0.0
1368,isolation_source:fishes,0.0,0.0
1397,isolation_source:host,0.0,0.0
1399,isolation_source:host-body-site,0.0,0.0
1365,isolation_source:female,0.0,0.0
1400,isolation_source:host_animal_ectotherm,0.0,0.0
1425,isolation_source:juvenile,0.0,0.0
1424,isolation_source:juice-natural,0.0,0.0
1423,isolation_source:joint,0.0,0.0
1422,isolation_source:iron-mat,0.0,0.0
1421,isolation_source:invertebrates-other,0.0,0.0
1418,isolation_source:infection,0.0,0.0
1417,isolation_source:industrial-wastewater,0.0,0.0
1416,isolation_source:industrial-waste,0.0,0.0
1415,isolation_source:industrial-production,0.0,0.0
1414,isolation_source:industrial,0.0,0.0
1412,isolation_source:indoor,0.0,0.0
1411,isolation_source:in-situ,0.0,0.0
1410,isolation_source:immunocompromised,0.0,0.0
1409,isolation_source:ice,0.0,0.0
1408,isolation_source:hydrothermal-vent,0.0,0.0
1407,isolation_source:humid,0.0,0.0
1406,isolation_source:human,0.0,0.0
1404,isolation_source:hot,0.0,0.0
1403,isolation_source:host_animal_endotherm_rumen,0.0,0.0
1402,isolation_source:host_animal_endotherm_intratissue,0.0,0.0
1401,isolation_source:host_animal_endotherm,0.0,0.0
1366,isolation_source:fermented,0.0,0.0
1363,isolation_source:feces-stool,0.0,0.0
1547,isolation_source:starter-culture,0.0,0.0
1333,isolation_source:cotton-other-fibres,0.0,0.0
1331,isolation_source:coral-reef,0.0,0.0
1330,isolation_source:cooling-tower,0.0,0.0
1329,isolation_source:contamination,0.0,0.0
1327,isolation_source:container-reservoir,0.0,0.0
1325,isolation_source:cold,0.0,0.0
1324,isolation_source:coast,0.0,0.0
1323,isolation_source:coalbed-water,0.0,0.0
1322,isolation_source:co-culture,0.0,0.0
1321,isolation_source:cnidaria-corals,0.0,0.0
1320,isolation_source:clinic,0.0,0.0
1319,isolation_source:clean-room,0.0,0.0
1318,isolation_source:child,0.0,0.0
1317,isolation_source:chicken,0.0,0.0
1316,isolation_source:cerebrospinal-fluid,0.0,0.0
1315,isolation_source:cave-water,0.0,0.0
1314,isolation_source:catheter,0.0,0.0
1312,isolation_source:canidae-dog,0.0,0.0
1311,isolation_source:caecal-content,0.0,0.0
1310,isolation_source:built-environment,0.0,0.0
1309,isolation_source:brown-algae,0.0,0.0
1307,isolation_source:brain,0.0,0.0
1332,isolation_source:core-sample,0.0,0.0
1334,isolation_source:crustacea,0.0,0.0
1360,isolation_source:estuary,0.0,0.0
1335,isolation_source:currency,0.0,0.0
1359,isolation_source:equidae-horse,0.0,0.0
1358,isolation_source:epibiont,0.0,0.0
1357,isolation_source:environmental,0.0,0.0
1356,isolation_source:engineered-product,0.0,0.0
1355,isolation_source:engineered,0.0,0.0
1354,isolation_source:endosymbiont,0.0,0.0
1353,isolation_source:endosphere,0.0,0.0
1352,isolation_source:egg,0.0,0.0
1351,isolation_source:echinodermata,0.0,0.0
1350,isolation_source:ear,0.0,0.0
1349,isolation_source:dust-ash,0.0,0.0
1347,isolation_source:domestic-waste,0.0,0.0
1346,isolation_source:disease,0.0,0.0
1345,isolation_source:dinoflagellate,0.0,0.0
1344,isolation_source:digestive-fluid,0.0,0.0
1342,isolation_source:dental-plaque,0.0,0.0
1341,isolation_source:defined-media,0.0,0.0
1339,isolation_source:decomposing-animal,0.0,0.0
1338,isolation_source:decomposing-algae,0.0,0.0
1337,isolation_source:dairy-product,0.0,0.0
1336,isolation_source:cystic-fibrosis,0.0,0.0
1426,isolation_source:kidney,0.0,0.0
1427,isolation_source:lab-enrichment,0.0,0.0
1428,isolation_source:laboratory,0.0,0.0
1515,isolation_source:rodentia-other,0.0,0.0
1510,isolation_source:red-algae,0.0,0.0
1509,isolation_source:rectum,0.0,0.0
1508,isolation_source:psychrophilic-<10Â°c,0.0,0.0
1507,isolation_source:protozoa,0.0,0.0
1506,isolation_source:protist,0.0,0.0
1505,isolation_source:primates,0.0,0.0
1504,isolation_source:preserved,0.0,0.0
1502,isolation_source:pond-small,0.0,0.0
1501,isolation_source:polar,0.0,0.0
1500,isolation_source:pleural-fluid,0.0,0.0
1499,isolation_source:plaque,0.0,0.0
1497,isolation_source:plantation,0.0,0.0
1496,isolation_source:plant-sap-flux,0.0,0.0
1494,isolation_source:plant-infections,0.0,0.0
1493,isolation_source:plant-factory,0.0,0.0
1492,isolation_source:plant-exudate-resin,0.0,0.0
1491,isolation_source:plant,0.0,0.0
1490,isolation_source:phylloplane,0.0,0.0
1489,isolation_source:phlegm,0.0,0.0
1488,isolation_source:pesticide,0.0,0.0
1487,isolation_source:permafrost,0.0,0.0
1511,isolation_source:reptilia,0.0,0.0
1516,isolation_source:root-nodule,0.0,0.0
1429,isolation_source:lake-large,0.0,0.0
1518,isolation_source:root-tooth,0.0,0.0
1546,isolation_source:sputum,0.0,0.0
1545,isolation_source:spring,0.0,0.0
1544,"isolation_source:spot-leaf,stem",0.0,0.0
1543,isolation_source:spoiled,0.0,0.0
1542,isolation_source:spleen,0.0,0.0
1541,isolation_source:spinal-cord,0.0,0.0
1539,isolation_source:solid-waste,0.0,0.0
1538,isolation_source:solid-plant-waste,0.0,0.0
1537,isolation_source:solid-animal-waste,0.0,0.0
1535,isolation_source:small-intestine,0.0,0.0
1534,"isolation_source:skin,-nail,-hair",0.0,0.0
1533,isolation_source:simulated-communities,0.0,0.0
1531,isolation_source:sewage-sludge,0.0,0.0
1530,isolation_source:semiarid,0.0,0.0
1529,isolation_source:semen,0.0,0.0
1527,isolation_source:seafood,0.0,0.0
1525,isolation_source:salt-marsh,0.0,0.0
1523,isolation_source:saliva,0.0,0.0
1521,isolation_source:rumen-fluid,0.0,0.0
1520,isolation_source:rumen,0.0,0.0
1519,"isolation_source:rot-root,stem",0.0,0.0
1486,isolation_source:periodontal-pocket,0.0,0.0
1485,isolation_source:peat-moss,0.0,0.0
1484,isolation_source:patient,0.0,0.0
1482,isolation_source:paddy-ricefield,0.0,0.0
1455,isolation_source:microbial,0.0,0.0
1454,isolation_source:meningitis,0.0,0.0
1453,isolation_source:medical-product,0.0,0.0
1452,isolation_source:medical-practice,0.0,0.0
1451,isolation_source:medical-environment,0.0,0.0
1450,isolation_source:medical-device,0.0,0.0
1449,isolation_source:meat,0.0,0.0
1447,isolation_source:marine,0.0,0.0
1445,isolation_source:mammary-gland,0.0,0.0
1444,isolation_source:mammals,0.0,0.0
1443,isolation_source:male,0.0,0.0
1442,isolation_source:machines-and-devices,0.0,0.0
1441,isolation_source:lymph-node,0.0,0.0
1440,isolation_source:lung,0.0,0.0
1439,isolation_source:livestock-husbandry,0.0,0.0
1438,isolation_source:liver,0.0,0.0
1437,isolation_source:limb,0.0,0.0
1435,isolation_source:lesion-incl.-necrosis,0.0,0.0
1434,isolation_source:leporidae-rabbit/hare,0.0,0.0
1431,isolation_source:large-intestine,0.0,0.0
1430,isolation_source:landfill,0.0,0.0
1456,isolation_source:microbial-community,0.0,0.0
1457,isolation_source:microbial-mat,0.0,0.0
1458,isolation_source:milk,0.0,0.0
1471,isolation_source:nephridium,0.0,0.0
1481,isolation_source:ovary,0.0,0.0
1479,isolation_source:other,0.0,0.0
1478,isolation_source:organ,0.0,0.0
1477,isolation_source:oral-cavity-and-airways,0.0,0.0
1476,isolation_source:oil-reservoir,0.0,0.0
1475,isolation_source:oil-fuel,0.0,0.0
1474,isolation_source:oil-food,0.0,0.0
1473,isolation_source:nose,0.0,0.0
1472,isolation_source:non-marine-saline-and-alkaline,0.0,0.0
1470,isolation_source:nematoda,0.0,0.0
1459,isolation_source:mine,0.0,0.0
1469,isolation_source:nectar,0.0,0.0
1468,isolation_source:mycosis,0.0,0.0
1467,isolation_source:mycorrhiza,0.0,0.0
1465,isolation_source:muridae-mouse/rat,0.0,0.0
1464,isolation_source:mud-sludge,0.0,0.0
1463,isolation_source:mucus,0.0,0.0
1462,isolation_source:mouth,0.0,0.0
1461,isolation_source:moss,0.0,0.0
1460,isolation_source:mollusca,0.0,0.0
949,assay:API_20STR_RAF,0.0,0.0
890,assay:API_20A_XYL,0.0,0.0
947,assay:API_20STR_PAL,0.0,0.0
946,assay:API_20STR_MAN,0.0,0.0
333,CHEBI:27856,0.0,0.0
332,CHEBI:27701,0.0,0.0
331,CHEBI:27689,0.0,0.0
330,CHEBI:27680,0.0,0.0
329,CHEBI:27644,0.0,0.0
328,CHEBI:27641,0.0,0.0
327,CHEBI:27613,0.0,0.0
326,CHEBI:27612,0.0,0.0
325,CHEBI:27605,0.0,0.0
324,CHEBI:27570,0.0,0.0
323,CHEBI:27569,0.0,0.0
322,CHEBI:27547,0.0,0.0
321,CHEBI:27518,0.0,0.0
320,CHEBI:27477,0.0,0.0
319,CHEBI:27442,0.0,0.0
318,CHEBI:27417,0.0,0.0
317,CHEBI:27338,0.0,0.0
316,CHEBI:27266,0.0,0.0
315,CHEBI:27248,0.0,0.0
314,CHEBI:27226,0.0,0.0
312,CHEBI:26986,0.0,0.0
311,CHEBI:26948,0.0,0.0
310,CHEBI:26806,0.0,0.0
334,CHEBI:27897,0.0,0.0
335,CHEBI:2790,0.0,0.0
336,CHEBI:27902,0.0,0.0
352,CHEBI:28262,0.0,0.0
363,CHEBI:28800,0.0,0.0
361,CHEBI:28748,0.0,0.0
360,CHEBI:28675,0.0,0.0
359,CHEBI:28669,0.0,0.0
358,CHEBI:28644,0.0,0.0
357,CHEBI:28368,0.0,0.0
356,CHEBI:28340,0.0,0.0
355,CHEBI:28304,0.0,0.0
354,CHEBI:28300,0.0,0.0
353,CHEBI:28266,0.0,0.0
351,CHEBI:28260,0.0,0.0
337,CHEBI:27922,0.0,0.0
350,CHEBI:28196,0.0,0.0
349,CHEBI:28120,0.0,0.0
348,CHEBI:28102,0.0,0.0
347,CHEBI:28087,0.0,0.0
346,CHEBI:28077,0.0,0.0
343,CHEBI:28044,0.0,0.0
342,CHEBI:28037,0.0,0.0
341,CHEBI:28034,0.0,0.0
339,CHEBI:28001,0.0,0.0
338,CHEBI:27941,0.0,0.0
307,CHEBI:26710,0.0,0.0
306,CHEBI:26672,0.0,0.0
305,CHEBI:26580,0.0,0.0
264,CHEBI:22210,0.0,0.0
276,CHEBI:23652,0.0,0.0
275,CHEBI:23456,0.0,0.0
274,CHEBI:23248,0.0,0.0
273,CHEBI:23066,0.0,0.0
271,CHEBI:22907,0.0,0.0
270,CHEBI:22743,0.0,0.0
269,CHEBI:22653,0.0,0.0
268,CHEBI:22651,0.0,0.0
267,CHEBI:22605,0.0,0.0
265,CHEBI:22507,0.0,0.0
262,CHEBI:21217,0.0,0.0
278,CHEBI:24149,0.0,0.0
261,CHEBI:209807,0.0,0.0
260,CHEBI:204928,0.0,0.0
259,CHEBI:19475,0.0,0.0
258,CHEBI:1904,0.0,0.0
257,CHEBI:18420,0.0,0.0
256,CHEBI:18403,0.0,0.0
255,CHEBI:18401,0.0,0.0
254,CHEBI:18397,0.0,0.0
253,CHEBI:18394,0.0,0.0
252,CHEBI:18391,0.0,0.0
277,CHEBI:24148,0.0,0.0
279,CHEBI:24175,0.0,0.0
303,CHEBI:2652,0.0,0.0
292,CHEBI:25094,0.0,0.0
302,CHEBI:26493,0.0,0.0
301,CHEBI:26490,0.0,0.0
300,CHEBI:2637,0.0,0.0
299,CHEBI:26271,0.0,0.0
298,CHEBI:26194,0.0,0.0
297,CHEBI:25646,0.0,0.0
296,CHEBI:25140,0.0,0.0
295,CHEBI:25115,0.0,0.0
294,CHEBI:2511,0.0,0.0
293,CHEBI:25097,0.0,0.0
291,CHEBI:2509,0.0,0.0
280,CHEBI:24265,0.0,0.0
290,CHEBI:25017,0.0,0.0
289,CHEBI:25000,0.0,0.0
288,CHEBI:24996,0.0,0.0
287,CHEBI:24898,0.0,0.0
286,CHEBI:24753,0.0,0.0
285,CHEBI:24750,0.0,0.0
284,CHEBI:24741,0.0,0.0
283,CHEBI:24632,0.0,0.0
282,CHEBI:24297,0.0,0.0
281,CHEBI:24266,0.0,0.0
366,CHEBI:28831,0.0,0.0
367,CHEBI:28847,0.0,0.0
368,CHEBI:28851,0.0,0.0
440,CHEBI:32488,0.0,0.0
453,CHEBI:33830,0.0,0.0
451,CHEBI:3371,0.0,0.0
450,CHEBI:33697,0.0,0.0
448,CHEBI:33403,0.0,0.0
447,CHEBI:33290,0.0,0.0
445,CHEBI:32931,0.0,0.0
444,CHEBI:32892,0.0,0.0
443,CHEBI:32735,0.0,0.0
442,CHEBI:32544,0.0,0.0
441,CHEBI:32528,0.0,0.0
439,CHEBI:32373,0.0,0.0
455,CHEBI:33871,0.0,0.0
438,CHEBI:32362,0.0,0.0
437,CHEBI:32361,0.0,0.0
436,CHEBI:32323,0.0,0.0
435,CHEBI:32161,0.0,0.0
434,CHEBI:32032,0.0,0.0
433,CHEBI:320061,0.0,0.0
432,CHEBI:320055,0.0,0.0
431,CHEBI:31908,0.0,0.0
430,CHEBI:31845,0.0,0.0
429,CHEBI:31810,0.0,0.0
454,CHEBI:338412,0.0,0.0
456,CHEBI:3393,0.0,0.0
427,CHEBI:31605,0.0,0.0
470,CHEBI:3517,0.0,0.0
481,CHEBI:35581,0.0,0.0
480,CHEBI:355715,0.0,0.0
479,CHEBI:3543,0.0,0.0
478,CHEBI:3542,0.0,0.0
476,CHEBI:35391,0.0,0.0
475,CHEBI:35390,0.0,0.0
474,CHEBI:3537,0.0,0.0
473,CHEBI:35358,0.0,0.0
472,CHEBI:3534,0.0,0.0
471,CHEBI:3528,0.0,0.0
469,CHEBI:3515,0.0,0.0
458,CHEBI:33951,0.0,0.0
468,CHEBI:3508,0.0,0.0
467,CHEBI:35026,0.0,0.0
466,CHEBI:35022,0.0,0.0
465,CHEBI:35020,0.0,0.0
464,CHEBI:34948,0.0,0.0
463,CHEBI:3493,0.0,0.0
462,CHEBI:3480,0.0,0.0
461,CHEBI:3435,0.0,0.0
460,CHEBI:33984,0.0,0.0
459,CHEBI:33954,0.0,0.0
428,CHEBI:31639,0.0,0.0
426,CHEBI:3122,0.0,0.0
369,CHEBI:28860,0.0,0.0
383,CHEBI:2955,0.0,0.0
395,CHEBI:29806,0.0,0.0
394,CHEBI:29805,0.0,0.0
393,CHEBI:29749,0.0,0.0
392,CHEBI:29693,0.0,0.0
389,CHEBI:29671,0.0,0.0
388,CHEBI:29670,0.0,0.0
387,CHEBI:29665,0.0,0.0
386,CHEBI:29649,0.0,0.0
385,CHEBI:29582,0.0,0.0
384,CHEBI:29581,0.0,0.0
382,CHEBI:29125,0.0,0.0
398,CHEBI:29987,0.0,0.0
381,CHEBI:29042,0.0,0.0
380,CHEBI:29034,0.0,0.0
379,CHEBI:29021,0.0,0.0
377,CHEBI:29007,0.0,0.0
376,CHEBI:28971,0.0,0.0
374,CHEBI:28938,0.0,0.0
373,CHEBI:28915,0.0,0.0
372,CHEBI:28908,0.0,0.0
371,CHEBI:28885,0.0,0.0
370,CHEBI:28864,0.0,0.0
397,CHEBI:29985,0.0,0.0
399,CHEBI:29988,0.0,0.0
425,CHEBI:31206,0.0,0.0
413,CHEBI:30797,0.0,0.0
424,CHEBI:31168,0.0,0.0
423,CHEBI:31011,0.0,0.0
422,CHEBI:30929,0.0,0.0
421,CHEBI:30928,0.0,0.0
420,CHEBI:30924,0.0,0.0
419,CHEBI:30916,0.0,0.0
418,CHEBI:30911,0.0,0.0
417,CHEBI:30860,0.0,0.0
415,CHEBI:30832,0.0,0.0
414,CHEBI:30803,0.0,0.0
412,CHEBI:30796,0.0,0.0
400,CHEBI:29990,0.0,0.0
411,CHEBI:30751,0.0,0.0
410,CHEBI:30623,0.0,0.0
409,CHEBI:30612,0.0,0.0
408,CHEBI:30477,0.0,0.0
407,CHEBI:30411,0.0,0.0
406,CHEBI:30295,0.0,0.0
405,CHEBI:30089,0.0,0.0
404,CHEBI:30043,0.0,0.0
403,CHEBI:30033,0.0,0.0
401,CHEBI:29991,0.0,0.0
251,CHEBI:18347,0.0,0.0
250,CHEBI:18333,0.0,0.0
249,CHEBI:18305,0.0,0.0
71,CHEBI:15903,0.0,0.0
84,CHEBI:16087,0.0,0.0
83,CHEBI:16040,0.0,0.0
81,CHEBI:160246,0.0,0.0
79,CHEBI:16016,0.0,0.0
78,CHEBI:16004,0.0,0.0
77,CHEBI:16000,0.0,0.0
76,CHEBI:15987,0.0,0.0
75,CHEBI:15978,0.0,0.0
74,CHEBI:15971,0.0,0.0
72,CHEBI:15956,0.0,0.0
70,CHEBI:15895,0.0,0.0
86,CHEBI:16133,0.0,0.0
69,CHEBI:15891,0.0,0.0
68,CHEBI:15887,0.0,0.0
67,CHEBI:15882,0.0,0.0
66,CHEBI:15862,0.0,0.0
65,CHEBI:15824,0.0,0.0
64,CHEBI:15792,0.0,0.0
63,CHEBI:15782,0.0,0.0
62,CHEBI:157683,0.0,0.0
61,CHEBI:15748,0.0,0.0
60,CHEBI:15746,0.0,0.0
85,CHEBI:16094,0.0,0.0
87,CHEBI:16134,0.0,0.0
58,CHEBI:15738,0.0,0.0
105,CHEBI:16335,0.0,0.0
117,CHEBI:16526,0.0,0.0
116,CHEBI:16523,0.0,0.0
114,CHEBI:16452,0.0,0.0
113,CHEBI:16449,0.0,0.0
112,CHEBI:16443,0.0,0.0
110,CHEBI:16411,0.0,0.0
109,CHEBI:16398,0.0,0.0
108,CHEBI:16397,0.0,0.0
107,CHEBI:16383,0.0,0.0
106,CHEBI:16349,0.0,0.0
103,CHEBI:16301,0.0,0.0
88,CHEBI:16136,0.0,0.0
101,CHEBI:16283,0.0,0.0
99,CHEBI:16236,0.0,0.0
96,CHEBI:16199,0.0,0.0
95,CHEBI:16193,0.0,0.0
94,CHEBI:16189,0.0,0.0
93,CHEBI:16183,0.0,0.0
92,CHEBI:16176,0.0,0.0
91,CHEBI:161680,0.0,0.0
90,CHEBI:16150,0.0,0.0
89,CHEBI:16148,0.0,0.0
59,CHEBI:15740,0.0,0.0
57,CHEBI:15729,0.0,0.0
119,CHEBI:16551,0.0,0.0
14,CHEBI:132112,0.0,0.0
24,CHEBI:141991,0.0,0.0
23,CHEBI:140148,0.0,0.0
22,CHEBI:13705,0.0,0.0
21,CHEBI:135874,0.0,0.0
20,CHEBI:135854,0.0,0.0
19,CHEBI:134606,0.0,0.0
18,CHEBI:13389,0.0,0.0
17,CHEBI:133748,0.0,0.0
16,CHEBI:132950,0.0,0.0
15,CHEBI:132943,0.0,0.0
13,CHEBI:132111,0.0,0.0
26,CHEBI:14314,0.0,0.0
12,CHEBI:132106,0.0,0.0
11,CHEBI:12936,0.0,0.0
10,CHEBI:12931,0.0,0.0
9,CHEBI:125610,0.0,0.0
8,CHEBI:124991,0.0,0.0
7,CHEBI:116278,0.0,0.0
6,CHEBI:115156,0.0,0.0
5,CHEBI:102484,0.0,0.0
4,CHEBI:102130,0.0,0.0
2,CHEBI:100246,0.0,0.0
25,CHEBI:143136,0.0,0.0
27,CHEBI:14321,0.0,0.0
56,CHEBI:15724,0.0,0.0
40,CHEBI:15379,0.0,0.0
55,CHEBI:157175,0.0,0.0
54,CHEBI:15708,0.0,0.0
51,CHEBI:156550,0.0,0.0
49,CHEBI:156450,0.0,0.0
48,CHEBI:156421,0.0,0.0
47,CHEBI:15611,0.0,0.0
44,CHEBI:15588,0.0,0.0
43,CHEBI:15570,0.0,0.0
42,CHEBI:15443,0.0,0.0
41,CHEBI:15428,0.0,0.0
39,CHEBI:15369,0.0,0.0
28,CHEBI:14336,0.0,0.0
38,CHEBI:15361,0.0,0.0
37,CHEBI:15356,0.0,0.0
36,CHEBI:15354,0.0,0.0
35,CHEBI:15353,0.0,0.0
34,CHEBI:15347,0.0,0.0
33,CHEBI:15318,0.0,0.0
32,CHEBI:15226,0.0,0.0
31,CHEBI:15138,0.0,0.0
30,CHEBI:15075,0.0,0.0
29,CHEBI:145778,0.0,0.0
118,CHEBI:16537,0.0,0.0
120,CHEBI:16567,0.0,0.0
248,CHEBI:18300,0.0,0.0
203,CHEBI:17698,0.0,0.0
214,CHEBI:17824,0.0,0.0
213,CHEBI:17822,0.0,0.0
211,CHEBI:17790,0.0,0.0
210,CHEBI:17784,0.0,0.0
209,CHEBI:17774,0.0,0.0
208,CHEBI:17754,0.0,0.0
207,CHEBI:17750,0.0,0.0
206,CHEBI:17748,0.0,0.0
205,CHEBI:17747,0.0,0.0
204,CHEBI:17716,0.0,0.0
201,CHEBI:17665,0.0,0.0
217,CHEBI:17859,0.0,0.0
199,CHEBI:17632,0.0,0.0
197,CHEBI:17578,0.0,0.0
196,CHEBI:17561,0.0,0.0
194,CHEBI:17521,0.0,0.0
192,CHEBI:17440,0.0,0.0
191,CHEBI:17437,0.0,0.0
190,CHEBI:17426,0.0,0.0
189,CHEBI:17376,0.0,0.0
188,CHEBI:17368,0.0,0.0
187,CHEBI:17359,0.0,0.0
216,CHEBI:17836,0.0,0.0
218,CHEBI:17879,0.0,0.0
184,CHEBI:17315,0.0,0.0
237,CHEBI:18212,0.0,0.0
247,CHEBI:18295,0.0,0.0
246,CHEBI:18291,0.0,0.0
245,CHEBI:18287,0.0,0.0
244,CHEBI:18281,0.0,0.0
243,CHEBI:18276,0.0,0.0
242,CHEBI:18262,0.0,0.0
241,CHEBI:18257,0.0,0.0
240,CHEBI:18248,0.0,0.0
239,CHEBI:18240,0.0,0.0
238,CHEBI:18222,0.0,0.0
236,CHEBI:18208,0.0,0.0
222,CHEBI:17968,0.0,0.0
234,CHEBI:18186,0.0,0.0
233,CHEBI:18183,0.0,0.0
232,CHEBI:18139,0.0,0.0
231,CHEBI:18135,0.0,0.0
230,CHEBI:18132,0.0,0.0
229,CHEBI:18123,0.0,0.0
227,CHEBI:18050,0.0,0.0
226,CHEBI:18024,0.0,0.0
225,CHEBI:18019,0.0,0.0
224,CHEBI:17997,0.0,0.0
186,CHEBI:17334,0.0,0.0
183,CHEBI:17309,0.0,0.0
121,CHEBI:16632,0.0,0.0
136,CHEBI:16813,0.0,0.0
149,CHEBI:16988,0.0,0.0
148,CHEBI:16977,0.0,0.0
147,CHEBI:16958,0.0,0.0
143,CHEBI:16869,0.0,0.0
142,CHEBI:16867,0.0,0.0
141,CHEBI:16865,0.0,0.0
140,CHEBI:16857,0.0,0.0
139,CHEBI:16856,0.0,0.0
138,CHEBI:16830,0.0,0.0
137,CHEBI:16828,0.0,0.0
135,CHEBI:16811,0.0,0.0
151,CHEBI:16997,0.0,0.0
134,CHEBI:16810,0.0,0.0
133,CHEBI:16808,0.0,0.0
132,CHEBI:16765,0.0,0.0
131,CHEBI:16763,0.0,0.0
130,CHEBI:16724,0.0,0.0
128,CHEBI:16708,0.0,0.0
127,CHEBI:16704,0.0,0.0
126,CHEBI:16695,0.0,0.0
125,CHEBI:166872,0.0,0.0
124,CHEBI:16651,0.0,0.0
150,CHEBI:16991,0.0,0.0
152,CHEBI:17015,0.0,0.0
181,CHEBI:17295,0.0,0.0
167,CHEBI:17151,0.0,0.0
180,CHEBI:17272,0.0,0.0
178,CHEBI:17266,0.0,0.0
177,CHEBI:17256,0.0,0.0
176,CHEBI:17245,0.0,0.0
175,CHEBI:17240,0.0,0.0
173,CHEBI:17203,0.0,0.0
172,CHEBI:17201,0.0,0.0
170,CHEBI:17191,0.0,0.0
169,CHEBI:17170,0.0,0.0
168,CHEBI:17164,0.0,0.0
166,CHEBI:17148,0.0,0.0
153,CHEBI:17019,0.0,0.0
164,CHEBI:17126,0.0,0.0
163,CHEBI:17120,0.0,0.0
162,CHEBI:17115,0.0,0.0
161,CHEBI:17113,0.0,0.0
160,CHEBI:17108,0.0,0.0
159,CHEBI:17097,0.0,0.0
158,CHEBI:17076,0.0,0.0
156,CHEBI:17045,0.0,0.0
155,CHEBI:17029,0.0,0.0
154,CHEBI:17020,0.0,0.0
482,CHEBI:35687,0.0,0.0
483,CHEBI:3580,0.0,0.0
484,CHEBI:35860,0.0,0.0
794,EC:4.1.1.18,0.0,0.0
805,ENVO:00000247,0.0,0.0
804,ENVO:00000215,0.0,0.0
803,ENVO:00000134,0.0,0.0
801,ENVO:00000051,0.0,0.0
800,ENVO:00000035,0.0,0.0
799,EC:4.3.1.5,0.0,0.0
798,EC:4.1.99.1,0.0,0.0
797,EC:4.1.2.22,0.0,0.0
796,EC:4.1.1.27,0.0,0.0
795,EC:4.1.1.19,0.0,0.0
793,EC:4.1.1.17,0.0,0.0
808,ENVO:00002001,0.0,0.0
792,EC:4.1.1.15,0.0,0.0
791,EC:3.9.1.1,0.0,0.0
790,EC:3.5.3.6,0.0,0.0
789,EC:3.5.2.6,0.0,0.0
788,EC:3.5.1.B15,0.0,0.0
786,EC:3.4.4.5,0.0,0.0
785,EC:3.4.21.50,0.0,0.0
784,EC:3.4.21.4,0.0,0.0
782,EC:3.4.19.3,0.0,0.0
781,EC:3.4.11.5,0.0,0.0
807,ENVO:00001998,0.0,0.0
809,ENVO:00002006,0.0,0.0
779,EC:3.4.11.3,0.0,0.0
823,ENVO:00005750,0.0,0.0
833,ENVO:01001004,0.0,0.0
832,ENVO:01001002,0.0,0.0
831,ENVO:01001001,0.0,0.0
830,ENVO:01000628,0.0,0.0
829,ENVO:01000357,0.0,0.0
828,ENVO:01000306,0.0,0.0
827,ENVO:01000256,0.0,0.0
826,ENVO:01000230,0.0,0.0
825,ENVO:01000164,0.0,0.0
824,ENVO:00005774,0.0,0.0
822,ENVO:00002984,0.0,0.0
810,ENVO:00002007,0.0,0.0
821,ENVO:00002261,0.0,0.0
820,ENVO:00002259,0.0,0.0
819,ENVO:00002170,0.0,0.0
818,ENVO:00002149,0.0,0.0
817,ENVO:00002123,0.0,0.0
816,ENVO:00002113,0.0,0.0
814,ENVO:00002034,0.0,0.0
813,ENVO:00002019,0.0,0.0
812,ENVO:00002012,0.0,0.0
811,ENVO:00002011,0.0,0.0
780,EC:3.4.11.4,0.0,0.0
778,EC:3.4.11.21,0.0,0.0
835,ENVO:01001040,0.0,0.0
732,CHEBI:91260,0.0,0.0
744,EC:1.12.99.6,0.0,0.0
742,CHEBI:9587,0.0,0.0
741,CHEBI:9542,0.0,0.0
740,CHEBI:9506,0.0,0.0
739,CHEBI:9421,0.0,0.0
738,CHEBI:9337,0.0,0.0
737,CHEBI:9332,0.0,0.0
736,CHEBI:9321,0.0,0.0
735,CHEBI:9300,0.0,0.0
734,CHEBI:9215,0.0,0.0
731,CHEBI:91122,0.0,0.0
746,EC:1.7.99.4,0.0,0.0
730,CHEBI:91050,0.0,0.0
729,CHEBI:91043,0.0,0.0
728,CHEBI:90741,0.0,0.0
725,CHEBI:90426,0.0,0.0
724,CHEBI:90350,0.0,0.0
723,CHEBI:90343,0.0,0.0
722,CHEBI:90259,0.0,0.0
721,CHEBI:90249,0.0,0.0
720,CHEBI:90148,0.0,0.0
719,CHEBI:90146,0.0,0.0
745,EC:1.4.1.4,0.0,0.0
748,EC:2.3.2.2,0.0,0.0
777,EC:3.4.11.2,0.0,0.0
764,EC:3.2.1.25,0.0,0.0
775,EC:3.4.1.1,0.0,0.0
774,EC:3.2.1.85,0.0,0.0
773,EC:3.2.1.81,0.0,0.0
772,EC:3.2.1.8,0.0,0.0
771,EC:3.2.1.55,0.0,0.0
770,EC:3.2.1.52,0.0,0.0
769,EC:3.2.1.51,0.0,0.0
768,EC:3.2.1.40,0.0,0.0
767,EC:3.2.1.4,0.0,0.0
766,EC:3.2.1.38,0.0,0.0
763,EC:3.2.1.24,0.0,0.0
749,EC:2.7.7.16,0.0,0.0
762,EC:3.2.1.23,0.0,0.0
761,EC:3.2.1.22,0.0,0.0
758,EC:3.2.1.17,0.0,0.0
757,EC:3.2.1.14,0.0,0.0
756,EC:3.2.1.1,0.0,0.0
755,EC:3.1.6.1,0.0,0.0
754,EC:3.1.3.4,0.0,0.0
752,EC:3.1.3.1,0.0,0.0
751,EC:3.1.1.3,0.0,0.0
750,EC:2.8.1.5,0.0,0.0
834,ENVO:01001029,0.0,0.0
836,ENVO:01001041,0.0,0.0
716,CHEBI:87997,0.0,0.0
906,assay:API_20E_NO2,0.0,0.0
918,assay:API_20NE_ARA,0.0,0.0
917,assay:API_20NE_ADI,0.0,0.0
916,assay:API_20NE_ADH Arg,0.0,0.0
915,assay:API_20E_VP,0.0,0.0
913,assay:API_20E_TDA Trp,0.0,0.0
912,assay:API_20E_Sor,0.0,0.0
911,assay:API_20E_SAC,0.0,0.0
910,assay:API_20E_RHA,0.0,0.0
909,assay:API_20E_OX,0.0,0.0
907,assay:API_20E_ODC,0.0,0.0
905,assay:API_20E_N2,0.0,0.0
920,assay:API_20NE_CIT,0.0,0.0
904,assay:API_20E_MOB,0.0,0.0
903,assay:API_20E_MEL,0.0,0.0
902,assay:API_20E_MAN,0.0,0.0
901,assay:API_20E_MAC,0.0,0.0
900,assay:API_20E_LDC Lys,0.0,0.0
899,assay:API_20E_INO,0.0,0.0
898,assay:API_20E_IND,0.0,0.0
897,assay:API_20E_H2S,0.0,0.0
894,assay:API_20E_CIT,0.0,0.0
893,assay:API_20E_ARA,0.0,0.0
919,assay:API_20NE_CAP,0.0,0.0
921,assay:API_20NE_ESC,0.0,0.0
891,assay:API_20E_ADH Arg,0.0,0.0
935,assay:API_20NE_TRP,0.0,0.0
945,assay:API_20STR_LAP,0.0,0.0
944,assay:API_20STR_LAC,0.0,0.0
943,assay:API_20STR_INU,0.0,0.0
942,assay:API_20STR_HIP,0.0,0.0
941,assay:API_20STR_GLYG,0.0,0.0
940,assay:API_20STR_ESC,0.0,0.0
939,assay:API_20STR_ARA,0.0,0.0
938,assay:API_20STR_AMD,0.0,0.0
937,assay:API_20STR_ADH,0.0,0.0
936,assay:API_20NE_URE,0.0,0.0
934,assay:API_20NE_PNPG,0.0,0.0
922,assay:API_20NE_GEL,0.0,0.0
933,assay:API_20NE_PAC,0.0,0.0
932,assay:API_20NE_OX,0.0,0.0
931,assay:API_20NE_NO3,0.0,0.0
930,assay:API_20NE_NAG,0.0,0.0
929,assay:API_20NE_MNE,0.0,0.0
928,assay:API_20NE_MLT,0.0,0.0
927,assay:API_20NE_MAN,0.0,0.0
926,assay:API_20NE_MAL,0.0,0.0
925,assay:API_20NE_GNT,0.0,0.0
924,assay:API_20NE_GLU_ Ferm,0.0,0.0
892,assay:API_20E_AMY,0.0,0.0
1,CHEBI:100241,0.0,0.0
837,ENVO:02500019,0.0,0.0
849,NaCl_opt:mid,0.0,0.0
862,UBERON:0000065,0.0,0.0
861,PO:0025034,0.0,0.0
860,PATO:0002425,0.0,0.0
859,PATO:0001596,0.0,0.0
858,PATO:0001472,0.0,0.0
857,PATO:0001430,0.0,0.0
856,PATO:0001306,0.0,0.0
855,PATO:0001162,0.0,0.0
851,NaCl_range:high,0.0,0.0
850,NaCl_opt:very_low,0.0,0.0
848,NaCl_opt:low,0.0,0.0
864,UBERON:0000468,0.0,0.0
847,NaCl_opt:high,0.0,0.0
846,NaCl_delta:very_low,0.0,0.0
845,NaCl_delta:mid,0.0,0.0
844,NaCl_delta:low,0.0,0.0
843,NaCl_delta:high,0.0,0.0
842,ENVO:2100003,0.0,0.0
841,ENVO:2100002,0.0,0.0
840,ENVO:08000002,0.0,0.0
839,ENVO:03000033,0.0,0.0
838,ENVO:02500038,0.0,0.0
863,UBERON:0000178,0.0,0.0
865,UBERON:0000996,0.0,0.0
889,assay:API_20A_URE,0.0,0.0
878,assay:API_20A_MAL,0.0,0.0
888,assay:API_20A_TRE,0.0,0.0
887,assay:API_20A_SPOR,0.0,0.0
886,assay:API_20A_SOR,0.0,0.0
885,assay:API_20A_SAL,0.0,0.0
884,assay:API_20A_SAC,0.0,0.0
883,assay:API_20A_RHA,0.0,0.0
882,assay:API_20A_RAF,0.0,0.0
881,assay:API_20A_MNE,0.0,0.0
880,assay:API_20A_MLZ,0.0,0.0
879,assay:API_20A_MAN,0.0,0.0
877,assay:API_20A_LAC,0.0,0.0
866,UBERON:0001913,0.0,0.0
876,assay:API_20A_IND,0.0,0.0
875,assay:API_20A_GRAM,0.0,0.0
874,assay:API_20A_GLY,0.0,0.0
873,assay:API_20A_GLU,0.0,0.0
872,assay:API_20A_GEL,0.0,0.0
871,assay:API_20A_ESC,0.0,0.0
870,assay:API_20A_COCC,0.0,0.0
869,assay:API_20A_CEL,0.0,0.0
868,assay:API_20A_CAT,0.0,0.0
867,assay:API_20A_ARA,0.0,0.0
718,CHEBI:90144,0.0,0.0
715,CHEBI:87209,0.0,0.0
485,CHEBI:35899,0.0,0.0
555,CHEBI:50344,0.0,0.0
565,CHEBI:52071,0.0,0.0
564,CHEBI:5195,0.0,0.0
563,CHEBI:51850,0.0,0.0
562,CHEBI:5181,0.0,0.0
561,CHEBI:50845,0.0,0.0
560,CHEBI:50819,0.0,0.0
559,CHEBI:50694,0.0,0.0
558,CHEBI:506227,0.0,0.0
557,CHEBI:5054,0.0,0.0
556,CHEBI:50453,0.0,0.0
554,CHEBI:50144,0.0,0.0
570,CHEBI:53181,0.0,0.0
553,CHEBI:50048,0.0,0.0
552,CHEBI:49637,0.0,0.0
551,CHEBI:49566,0.0,0.0
550,CHEBI:495056,0.0,0.0
549,CHEBI:495055,0.0,0.0
548,CHEBI:49322,0.0,0.0
547,CHEBI:48947,0.0,0.0
546,CHEBI:48944,0.0,0.0
545,CHEBI:48942,0.0,0.0
543,CHEBI:48844,0.0,0.0
568,CHEBI:53071,0.0,0.0
571,CHEBI:53200,0.0,0.0
541,CHEBI:48607,0.0,0.0
585,CHEBI:57606,0.0,0.0
597,CHEBI:61995,0.0,0.0
596,CHEBI:61993,0.0,0.0
595,CHEBI:6198,0.0,0.0
594,CHEBI:61490,0.0,0.0
593,CHEBI:6104,0.0,0.0
592,CHEBI:606565,0.0,0.0
590,CHEBI:59066,0.0,0.0
589,CHEBI:59062,0.0,0.0
588,CHEBI:58187,0.0,0.0
586,CHEBI:58044,0.0,0.0
584,CHEBI:55507,0.0,0.0
572,CHEBI:53258,0.0,0.0
583,CHEBI:55394,0.0,0.0
582,CHEBI:5533,0.0,0.0
581,CHEBI:546840,0.0,0.0
580,CHEBI:5417,0.0,0.0
579,CHEBI:5390,0.0,0.0
577,CHEBI:53425,0.0,0.0
576,CHEBI:53424,0.0,0.0
575,CHEBI:53423,0.0,0.0
574,CHEBI:53388,0.0,0.0
573,CHEBI:53259,0.0,0.0
542,CHEBI:4877,0.0,0.0
540,CHEBI:48537,0.0,0.0
599,CHEBI:62318,0.0,0.0
498,CHEBI:37397,0.0,0.0
509,CHEBI:39150,0.0,0.0
508,CHEBI:38291,0.0,0.0
507,CHEBI:3815,0.0,0.0
506,CHEBI:38030,0.0,0.0
505,CHEBI:37966,0.0,0.0
504,CHEBI:37943,0.0,0.0
503,CHEBI:37923,0.0,0.0
502,CHEBI:3770,0.0,0.0
500,CHEBI:37657,0.0,0.0
499,CHEBI:3745,0.0,0.0
497,CHEBI:3732,0.0,0.0
512,CHEBI:40538,0.0,0.0
496,CHEBI:37166,0.0,0.0
495,CHEBI:37165,0.0,0.0
494,CHEBI:37054,0.0,0.0
493,CHEBI:36986,0.0,0.0
492,CHEBI:36655,0.0,0.0
491,CHEBI:36592,0.0,0.0
490,CHEBI:36405,0.0,0.0
489,CHEBI:36257,0.0,0.0
488,CHEBI:36241,0.0,0.0
487,CHEBI:36219,0.0,0.0
511,CHEBI:39207,0.0,0.0
513,CHEBI:40585,0.0,0.0
538,CHEBI:48267,0.0,0.0
526,CHEBI:45773,0.0,0.0
536,CHEBI:47869,0.0,0.0
535,CHEBI:478164,0.0,0.0
534,CHEBI:4767,0.0,0.0
533,CHEBI:474053,0.0,0.0
532,CHEBI:472657,0.0,0.0
531,CHEBI:471744,0.0,0.0
530,CHEBI:46793,0.0,0.0
529,CHEBI:46645,0.0,0.0
528,CHEBI:46050,0.0,0.0
527,CHEBI:45924,0.0,0.0
525,CHEBI:45735,0.0,0.0
514,CHEBI:40656,0.0,0.0
524,CHEBI:45422,0.0,0.0
523,CHEBI:45367,0.0,0.0
522,CHEBI:45296,0.0,0.0
521,CHEBI:44504,0.0,0.0
520,CHEBI:44337,0.0,0.0
519,CHEBI:43968,0.0,0.0
518,CHEBI:43943,0.0,0.0
517,CHEBI:41977,0.0,0.0
516,CHEBI:41865,0.0,0.0
515,CHEBI:41808,0.0,0.0
598,CHEBI:62064,0.0,0.0
600,CHEBI:62320,0.0,0.0
714,CHEBI:87084,0.0,0.0
675,CHEBI:7614,0.0,0.0
685,CHEBI:78661,0.0,0.0
684,CHEBI:78208,0.0,0.0
683,CHEBI:7809,0.0,0.0
682,CHEBI:78021,0.0,0.0
681,CHEBI:78019,0.0,0.0
680,CHEBI:77879,0.0,0.0
679,CHEBI:77735,0.0,0.0
678,CHEBI:7731,0.0,0.0
677,CHEBI:7660,0.0,0.0
676,CHEBI:76282,0.0,0.0
674,CHEBI:75832,0.0,0.0
687,CHEBI:7896,0.0,0.0
673,CHEBI:7528,0.0,0.0
672,CHEBI:75273,0.0,0.0
671,CHEBI:75250,0.0,0.0
667,CHEBI:75211,0.0,0.0
666,CHEBI:75198,0.0,0.0
665,CHEBI:75193,0.0,0.0
664,CHEBI:75146,0.0,0.0
663,CHEBI:7507,0.0,0.0
662,CHEBI:7488,0.0,0.0
660,CHEBI:74848,0.0,0.0
686,CHEBI:78697,0.0,0.0
688,CHEBI:79285,0.0,0.0
658,CHEBI:74611,0.0,0.0
702,CHEBI:83267,0.0,0.0
713,CHEBI:8653,0.0,0.0
712,CHEBI:86471,0.0,0.0
711,CHEBI:86455,0.0,0.0
710,CHEBI:85274,0.0,0.0
709,CHEBI:85260,0.0,0.0
708,CHEBI:85249,0.0,0.0
706,CHEBI:85146,0.0,0.0
705,CHEBI:84997,0.0,0.0
704,CHEBI:8391,0.0,0.0
703,CHEBI:8337,0.0,0.0
701,CHEBI:83230,0.0,0.0
689,CHEBI:7934,0.0,0.0
700,CHEBI:8309,0.0,0.0
699,CHEBI:8295,0.0,0.0
698,CHEBI:8232,0.0,0.0
696,CHEBI:81419,0.0,0.0
695,CHEBI:81283,0.0,0.0
694,CHEBI:80106,0.0,0.0
693,CHEBI:8006,0.0,0.0
692,CHEBI:80052,0.0,0.0
691,CHEBI:80025,0.0,0.0
690,CHEBI:79394,0.0,0.0
659,CHEBI:74846,0.0,0.0
657,CHEBI:73918,0.0,0.0
601,CHEBI:62345,0.0,0.0
616,CHEBI:63486,0.0,0.0
627,CHEBI:6452,0.0,0.0
626,CHEBI:6426,0.0,0.0
625,CHEBI:64243,0.0,0.0
624,CHEBI:64103,0.0,0.0
622,CHEBI:6364,0.0,0.0
621,CHEBI:63611,0.0,0.0
620,CHEBI:63607,0.0,0.0
619,CHEBI:63598,0.0,0.0
618,CHEBI:6359,0.0,0.0
617,CHEBI:63528,0.0,0.0
615,CHEBI:63154,0.0,0.0
629,CHEBI:6457,0.0,0.0
614,CHEBI:63153,0.0,0.0
612,CHEBI:63051,0.0,0.0
611,CHEBI:63043,0.0,0.0
610,CHEBI:63038,0.0,0.0
609,CHEBI:63005,0.0,0.0
608,CHEBI:62983,0.0,0.0
607,CHEBI:62969,0.0,0.0
604,CHEBI:62946,0.0,0.0
603,CHEBI:62517,0.0,0.0
602,CHEBI:62501,0.0,0.0
628,CHEBI:64552,0.0,0.0
630,CHEBI:6472,0.0,0.0
656,CHEBI:73908,0.0,0.0
645,CHEBI:71321,0.0,0.0
655,CHEBI:73804,0.0,0.0
654,CHEBI:73786,0.0,0.0
653,CHEBI:73784,0.0,0.0
652,CHEBI:73706,0.0,0.0
651,CHEBI:73167,0.0,0.0
650,CHEBI:72813,0.0,0.0
649,CHEBI:72346,0.0,0.0
648,CHEBI:71987,0.0,0.0
647,CHEBI:71422,0.0,0.0
646,CHEBI:71415,0.0,0.0
644,CHEBI:70744,0.0,0.0
632,CHEBI:65328,0.0,0.0
643,CHEBI:69414,0.0,0.0
642,CHEBI:6919,0.0,0.0
641,CHEBI:6909,0.0,0.0
640,CHEBI:68837,0.0,0.0
639,CHEBI:6872,0.0,0.0
638,CHEBI:68590,0.0,0.0
637,CHEBI:68428,0.0,0.0
636,CHEBI:6827,0.0,0.0
635,CHEBI:6731,0.0,0.0
634,CHEBI:67135,0.0,0.0
1780,trophic_type:phototrophy,0.0,0.0
